<?xml version="1.0" encoding="UTF-8"?><!--This is an auto generated document. Changes to this document may cause incorrect behavior.--><wap-provisioningdoc>
  <characteristic type="ProfileInfo">
    <parm name="created_wizard_version" value="7.0.0"/>
  </characteristic>
  <characteristic type="Profile">
    <parm name="ProfileName" value="AmyCell"/>
    <parm name="ModifiedDate" value="2019-08-15 15:24:26"/>
    <parm name="TargetSystemVersion" value="7.0"/>
  <characteristic type="Clock" version="6.0">
      <parm name="emdk_name" value=""/>
      <parm name="AutoTimeZone" value="false"/>
      <parm name="AutoTime" value="false"/>
      <parm name="MilitaryTime" value="1"/>
    </characteristic>
  </characteristic>
  <characteristic type="Profile">
    <parm name="ProfileName" value="AmyCell2"/>
    <parm name="ModifiedDate" value="2019-08-15 14:50:45"/>
    <parm name="TargetSystemVersion" value="7.0"/>
    <characteristic type="Clock" version="6.0">
      <parm name="emdk_name" value=""/>
      <parm name="AutoTimeZone" value="false"/>
      <parm name="AutoTime" value="false"/>
      <parm name="MilitaryTime" value="2"/>
    </characteristic>
  </characteristic>
</wap-provisioningdoc>
